index,Gender,Title,GivenName,MiddleInitial,Surname,StreetAddress,City,CountryFull,TelephoneNumber,MothersMaiden,Birthday,TropicalZodiac,Vehicle,Vehicle color,gen_pass
1,female,Mrs.,Catherine,R,Grissom,14 Wrexham Rd,EWHURST,United Kingdom,070 6938 9450,Schneider,10/23/1986,Scorpio,2008 Nissan Primera,Blue,Bluemoon.CatR.UK
2,male,Mr.,Jason,J,Walker,74 Wood Lane,BAGINTON,United Kingdom,079 4594 0683,Norman,11-05-1989,Scorpio,2009 Hyundai Getz,Blue,N0rmaN>jAson?GB
3,female,Ms.,Natalie,L,Catron,44 Nith Street,GLAN-LLYNFI,United Kingdom,070 3286 7842,Galindo,5/19/2005,Taurus,2012 Lamborghini Aventador,Blue,GLaN-LLYNf!Cat
4,female,Mrs.,Margaret,E,Patterson,74 Bishopgate Street,SEAMER,United Kingdom,070 8631 4796,Murphy,9/29/1984,Libra,2006 Volkswagen Fox,Blue,PurpleXpr3$$0@K
5,male,Mr.,Terrence,E,Hutson,77 Park End St,BROCKLESBY,United Kingdom,079 5000 9516,Brunelle,11/24/1993,Sagittarius,2009 Toyota 4Runner,Blue,MrHuts0n_P@rkEndSt
6,female,Ms.,Jennifer,J,Rivas,31 Stroud Rd,OBORNE,United Kingdom,070 7496 1132,McIntyre,1/16/2002,Capricorn,2006 Alpina B7,Yellow,StrouRd.Jenn!f3rMs
7,male,Mr.,Neil,R,Vu,42 Park Terrace,GLAISDALE,United Kingdom,079 4782 9972,Scott,04-02-1993,Aries,1999 Steyr G-series,Blue,N3iRVUgb**TerrAce
8,female,Mrs.,Dorthy,F,Du,36 Lairg Road,NEWCHURCH,United Kingdom,070 8880 4618,Salmon,2/27/2006,Pisces,2002 GMC Safari,Purple,N3wC#urchDrthy
9,male,Mr.,John,L,Wheeler,91 Osborne Road,KINGHORN,United Kingdom,070 1988 7485,Ruiz,11/18/1988,Scorpio,2005 Kia Pride Wagon,Blue,MrJohnLWhee_GB88#
10,male,Mr.,Dewayne,T,Brown,94 Wartnaby Road,ACKWORTH MOOR TOP,United Kingdom,077 3671 2216,Griswold,12-09-1996,Sagittarius,2006 Mazda CX-7,Blue,CX-7Br0wnDewayne
11,female,Ms.,Lynette,J,Robinson,49 Spilman Street,GOWKHALL,United Kingdom,078 1716 6288,Ryckman,12-08-1994,Sagittarius,2010 Lexus IS,Blue,GBRycKm@nLynJ
12,male,Mr.,Paul,S,Lopiccolo,29 Temple Way,WITHAM ON THE HILL,United Kingdom,077 4718 3767,Borgen,9/15/1998,Virgo,2004 Mitsubishi Endeavor,Green,JD_L3!c3st3r94
13,female,Ms.,Lori,W,Frey,18 Thornton St,HURLINESS,United Kingdom,070 8589 6309,Cooper,10-05-1996,Libra,2010 Chevrolet HHR,Black,MsDanP_GB2000!
14,male,Dr.,Stuart,M,Louis,19 Church Way,BRADDEN,United Kingdom,078 6004 1012,Robichaux,09-09-2002,Virgo,2012 Ford Ecosport,Green,WayChUrch19Dr?Lou
15,male,Mr.,Johnathan,L,Knepp,65 Wenlock Terrace,PEPLOW,United Kingdom,070 0708 7667,Lozano,02-11-2005,Aquarius,2001 Toyota Progress NC 300,Black,MrKn3pp*AqUarius
16,female,Ms.,Lynda,G,Eldridge,63 Ramsgate Rd,WILLITON,United Kingdom,077 5315 3588,Stlouis,10-08-1999,Libra,2012 Seat Ibiza,Red,Ramsgat3_LyndaGB
17,female,Mrs.,Shanda,R,Cox,58 Buckingham Rd,THORPE,United Kingdom,078 6524 8056,Wheeler,01-03-1993,Capricorn,2014 Mazda CX-5,Yellow,Bluemurray2559#
18,female,Mrs.,Frances,C,Goodwyn,41 Peachfield Road,CEIDIO,United Kingdom,070 6779 2740,Richardson,07-06-1988,Cancer,1998 Bristol Blenheim,Blue,Rd.41Pchfld#Gwyn
19,female,Ms.,Rose,K,Walker,73 Lammas Street,GREAT BLAKENHAM,United Kingdom,078 6802 9755,Adams,06-05-2004,Gemini,1996 Nissan Rasheen,Blue,MrM!ch@el3125GB
20,male,Mr.,Willie,B,Casillas,24 Hounslow Rd,SMIRISARY,United Kingdom,078 7264 6036,Gordon,04-01-1998,Aries,2015 Audi Q5,Orange,W1ll1e!C@$!ll@$24Rd
21,male,Mr.,Christopher,L,McNeill,60 Annfield Rd,BEARDON,United Kingdom,078 1682 9775,Murch,12-04-1984,Sagittarius,2004 Nissan X-Trail,Blue,Chr!s_Annf1eldRd
22,female,Ms.,Charlotte,S,Larson,41 Long Street,MILDEN,United Kingdom,079 7833 7090,Thompson,05-05-1989,Taurus,2005 Mitsubishi Dion,Orange,Mayf!3ldGB2104
23,male,Mr.,Tyler,N,Souza,71 Boughton Rd,WHITSON,United Kingdom,078 5505 2885,Rodriguez,04-07-1987,Aries,2010 BMW 118,Green,Wh!ts0n4.Tyl3rS0uz@BMw
24,male,Mr.,Douglas,E,Strawbridge,40 Marlborough Crescent,SOUTH YARDLEY,United Kingdom,070 1550 7199,Jones,3/30/2004,Aries,2006 Maserati Coupe,Blue,S0uthY@rdl3y_3/30Str@wb
25,female,Ms.,Kimberly,R,Taylor,13 Crown Street,LONG COMPTON,United Kingdom,078 2229 1463,Earley,11/16/1985,Scorpio,1999 Volkswagen Parati,Purple,E@rl3y#P4r@ti_GB
26,female,Mrs.,Susan,M,Hanrahan,36 Boat Lane,RESWALLIE,United Kingdom,078 7142 9978,McDuffie,07-03-1992,Cancer,2015 Mercedes-Benz SLK-Class,Blue,H@nr@h@n439_B0@tL@ne
27,female,Mrs.,Martha,J,Fuentes,35 Redcliffe Way,WOODHILL,United Kingdom,078 0019 8032,Graham,12/19/2000,Sagittarius,2001 Chrysler 300,Yellow,RdclffWy35*MArF
28,male,Mr.,Joseph,G,Williams,21 Harrogate Road,RYDE,United Kingdom,077 8802 0068,Fontenot,04-02-2005,Aries,1992 Volkswagen Passat,Blue,21H@rr0g@t3_GB_m@l3
29,male,Mr.,Keith,J,Frazier,84 Shannon Way,CHIPPING,United Kingdom,077 1349 8278,Lacroix,5/15/2000,Taurus,1999 Peugeot 106,Silver,CH1pp1nG.K3!th.GB
30,female,Ms.,Joyce,L,Lebel,42 Golf Road,SWANLAND,United Kingdom,077 2059 3694,Ruggles,07-08-2000,Cancer,2007 Opel Astra,Blue,Fred3r1ck_GB!93
31,female,Mrs.,Marty,R,Broussard,24 Ermin Street,WROTHAM HEATH,United Kingdom,077 4050 7522,Gass,10-10-1984,Libra,1997 Panoz AIV,Blue,pAtTyH1llR0lls96!
32,female,Ms.,Stephanie,R,Warren,33 Red Lane,ESCART,United Kingdom,079 7064 2056,Hyler,01-05-2004,Capricorn,2012 Toyota Venza,Purple,Wr0thAmBluE#53Mr
33,male,Mr.,Thomas,F,Andrews,81 Old Chapel Road,GARVE,United Kingdom,070 4605 1753,Hicks,6/14/1997,Gemini,1996 Ford Synergy 2010,Black,Mr.Bl@ck_H1cks
34,male,Dr.,Clayton,A,Bautista,69 Clasper Way,HIGH ACKWORTH,United Kingdom,079 2461 4814,Coffey,10-07-1984,Libra,1998 Holden Clubsport,Blue,B@uT!st@C1ay98#W@y
35,female,Ms.,Kim,D,Maldonado,75 Netherpark Crescent,STENSCHOLL,United Kingdom,078 6964 0032,Prejean,10/30/2000,Scorpio,2001 Suzuki Grand Vitara,Blue,Bluelnsight!86
36,male,Mr.,Ted,M,Jan,50 Sutton Wick Lane,BRIGHTGATE,United Kingdom,077 5056 6667,Wilson,5/13/1984,Taurus,2000 Ford F-150,Blue,BR1Ght@teUK#Ted
37,female,Ms.,Cheryl,N,Moralez,47 Exning Road,HARGRAVE,United Kingdom,079 4114 4948,Lopez,10/27/1998,Scorpio,2009 Peugeot 307,Orange,N4r@ng3P3ug30t*Ms
38,female,Ms.,Florence,C,Hunter,72 Foregate Street,COATES,United Kingdom,079 6636 7005,Deleon,5/24/2003,Gemini,2009 Acura MDX,Blue,Blu3Mdx_C0at3s24M@y
39,female,Ms.,Geraldine,I,Williams,60 Scotsburn Rd,TALYBONT,United Kingdom,070 3327 4750,Aron,10/26/1999,Scorpio,2012 Holden Commodore,Green,Ar0n_W1ll1@ms_GB
40,female,Ms.,Tiffany,W,Layfield,79 Roker Terrace,LANGTHORPE,United Kingdom,070 1275 4347,Dubose,12-02-1998,Sagittarius,1996 Vauxhall Carlton,Green,R0k3rT3rr@c3*L@y
41,female,Mrs.,Jacqueline,H,Denson,40 Leicester Road,BAC,United Kingdom,078 1839 0589,Jones,10-03-2002,Libra,2006 Hyundai Azera,Orange,CUrt1sD2829#uk
42,male,Mr.,Dennis,D,Pieper,15 St Omers Road,HOLBEACH HURN,United Kingdom,070 7262 7159,Morris,12/27/1991,Capricorn,2010 Toyota Sequoia,Green,R3dP3ug30t_1989$tack
43,female,Mrs.,Audrea,N,Chou,47 Vicar Lane,SANDWICH,United Kingdom,079 5437 2002,Jones,4/13/2004,Aries,2010 Hyundai Genesis Coupe,Blue,V1cAr_L4nE7#AudreA
44,female,Mrs.,Marilyn,W,Kroll,76 Southlands Road,PONTYBEREM,United Kingdom,077 7586 1151,Miracle,5/21/1989,Gemini,2005 Acura TSX,Purple,R3dRc0rn!ch3_80DuNm0w
45,male,Mr.,Alan,F,Comfort,66 Tadcaster Rd,PICKLESCOTT,United Kingdom,077 8895 2980,Anthony,6/21/1998,Cancer,1996 Mitsubishi Space Runner,Black,C0mf0rt21JUn&96M!tsu
46,female,Mrs.,Kenya,M,Hayes,20 Emerson Road,KINTOUR,United Kingdom,077 4072 7859,Powell,09-07-1985,Virgo,2014 Toyota 4Runner,Green,Hayes_K3nya!Virg0UK_0774
47,male,Mr.,James,L,Comerford,89 Walwyn Rd,CHATCULL,United Kingdom,079 7484 1588,McBride,9/19/2003,Virgo,2005 Fiat Seicento,Blue,WmC8r!d3Un1t3dKlngd0m
48,female,Ms.,Nina,W,Jewett,10 Bootham Terrace,REDDISH,United Kingdom,078 4585 8800,Delgado,4/26/1987,Taurus,1999 Eagle Talon,Purple,RdD!sh87Jwtt#Taurus
49,female,Ms.,Jo,J,Dostie,50 Witney Way,KNIPOCH,United Kingdom,077 0879 7317,Young,6/13/2005,Gemini,1996 Citroen Berlingo,Red,y0UnG.C1tro3n?Jo
50,male,Mr.,Virgil,C,Orozco,71 Osborne Road,KILSPINDIE,United Kingdom,079 3856 9504,Johnson,07-07-1997,Cancer,2007 Maybach 57,Green,244Ds@mAr1sHind
51,female,Mrs.,Cynthia,E,Bond,68 Berkeley Rd,STRATHBLANE,United Kingdom,077 6860 4924,Branch,5/29/1987,Gemini,2002 Peugeot Partner,Purple,Cynth1aB0nd#GB
52,female,Mrs.,Wanda,R,Burgos,76 Boar Lane,SEMLEY,United Kingdom,078 6667 5569,Ford,01-09-1988,Capricorn,2012 Volkswagen CC,Orange,B0arL@ne#Wanda
53,male,Mr.,Charles,F,Wirth,18 Roker Terrace,LANGPORT,United Kingdom,079 6232 6998,Hornberger,8/20/1991,Leo,2009 Citroen C4,Green,M@leCh@rl3sF.Horn
54,female,Mrs.,Ramona,C,Funk,53 Warren St,WEST CHELBOROUGH,United Kingdom,070 1993 0939,Fennell,4/30/1996,Taurus,2011 Toyota Prius,Green,Gr33nPr!Us_F.nk#
55,male,Mr.,Larry,S,Minor,28 Emerson Road,KINOULTON,United Kingdom,077 0487 1289,Salgado,6/28/1985,Cancer,2004 Ford Ka,Blue,L@rry_Salg4d0#GB28
56,female,Mrs.,Frances,L,Hardy,93 Sutton Wick Lane,BRIDGWATER,United Kingdom,077 3746 8166,Metz,4/22/1985,Taurus,1995 Fiat Ulysse,Blue,F_L_H@rdy_T@urus85
57,female,Ms.,Lisa,R,Hope,97 Merthyr Road,BURNHAM,United Kingdom,078 1058 5091,Butler,5/21/1995,Gemini,2001 Fiat Barchetta,Blue,B@rch3ttaBlu3H0pe.Ms
58,female,Ms.,Lakeisha,J,Williams,96 Uxbridge Road,SKINBURNESS,United Kingdom,078 5325 6101,Costello,4/24/2003,Taurus,2006 Audi A3,Silver,W1ll1@msL@ke!sh@GB06
59,male,Mr.,James,A,Johnson,50 Marlborough Crescent,SOUTHAM,United Kingdom,077 6098 8495,Haag,05-12-1993,Taurus,2001 Chrysler 300,Blue,J0hNsonN07*sNaej
60,female,Ms.,Ebony,J,Perkins,75 Sloe Lane,CROWAN,United Kingdom,070 0007 5298,Blankenship,10-11-2002,Libra,2015 Porsche Cayman,Blue,75Sl0eL@ne!Eb0ny
61,male,Mr.,Gary,B,Brown,86 Kendell Street,SHEEPY PARVA,United Kingdom,070 6322 1108,Wang,03-08-2000,Pisces,2001 Subaru Legacy,Blue,B1u3L3g@cy*Br0wn
62,male,Mr.,David,S,Dwyer,59 Church Way,BRAE,United Kingdom,079 8288 0820,Adams,3/20/1996,Pisces,2011 Brilliance BS6,Yellow,C0uch87@Rv0lver
63,female,Ms.,Keshia,J,Brown,69 Golden Knowes Road,FREESTER,United Kingdom,078 7481 7296,Johnson,2/19/2006,Pisces,1994 Mercedes-Benz MCC,Purple,MsBr0wnK3sh!@G0ld3n
64,male,Mr.,Michael,A,Ojeda,27 Coast Rd,KIRKTON,United Kingdom,077 4982 4011,Amaro,10/20/1988,Libra,1993 Chrysler Le Baron,Black,B1@ckL3B@ronK!rk7on
65,female,Mrs.,Mary,E,Milne,91 Fore St,TULLIBODY,United Kingdom,078 2782 4394,Dempsey,02-03-1989,Aquarius,2011 Bentley Continental GTC,Purple,rEpruP#tneB11M
66,male,Mr.,Richard,C,Jeffers,15 Rowland Rd,OSWALDKIRK,United Kingdom,078 1867 6527,Henderson,08-01-1985,Leo,2015 Ford Fiesta,Blue,R0wl4nd15J3ff3rs!@#
67,male,Dr.,Reginald,H,Ontiveros,83 Grenoble Road,BRIDGE OF BROWN,United Kingdom,070 1498 5431,Peterson,11/26/1993,Sagittarius,2002 Buick Regal,Blue,T3lf0rd86H@nl3yM@tt13GB!
68,female,Ms.,Dawn,M,McQueen,80 Shannon Way,CHICHELEY,United Kingdom,079 0790 0395,Dixon,09-03-1996,Virgo,2003 Lotus Elise,Green,80Sh@nn0nW@y_GB
69,male,Mr.,Frank,M,Brown,18 Holgate Rd,RAMPSIDE,United Kingdom,077 1031 1864,Wicks,09-09-1997,Virgo,2007 Seat Toledo,White,Fr@nk_M_Br0wn1464*
